Name,Date,Location,Type,Region,Latitude,Longitude,Weather
Steinunn Porarinsdottir: Wayfinders,Now through 1/28/2024,National Nordic Museum,Museums,Fremont / Ballard,47.6683615,-122.39177949359151,"Temp: 59°F, Wind: 6 to 9 mph, Light Rain Likely"
Hanako O’Leary: Izanami,Now through 1/28/2024,Frye Art Museum,Museums,Capitol Hill / Central District,47.60719095,-122.32405377084555,"Temp: 59°F, Wind: 7 mph, Light Rain Likely"
Gage Alumni Show,Now through 1/28/2024,Fountainhead Gallery,Visual Arts & Galleries,Queen Anne / Seattle Center,28.1110963,-80.6740045,"Temp: 71°F, Wind: 10 to 15 mph, Slight Chance Rain Showers"
Genre Box,Now through 1/28/2024,Market Theatre,Theatre,Downtown,52.9516629,-1.1450568781476997,N/A
Bohemia,Now through 1/28/2024,The Triple Door,Theatre,Downtown,47.6086439,-122.337685,"Temp: 59°F, Wind: 7 mph, Light Rain Likely"
Alice in Shadowland,Now through 1/28/2024,12th Avenue Arts,Theatre,Capitol Hill / Central District,41.70339675,-91.5874015,"Temp: 34°F, Wind: 5 to 10 mph, Patchy Fog then Mostly Cloudy"
Lee Ritenour and Dave Grusin,Now through 1/28/2024,Dimitriou's Jazz Alley,Music,Downtown,47.6148163,-122.339691,"Temp: 59°F, Wind: 7 mph, Light Rain Likely"
Tacoma Home + Garden Show,Now through 1/28/2024,Tacoma Dome,Festivals & Special Events,South,47.236887249999995,-122.42695224187412,"Temp: 61°F, Wind: 6 mph, Light Rain Likely"
Annie Eastwood with Kimball and the Fugitives,1/28/2024,Sea Monster Lounge,Music,Wallingford / Greenlake,47.6615049,-122.332319,"Temp: 59°F, Wind: 7 mph, Light Rain Likely"
Black and Boujee Panel Discussion,1/28/2024,Bainbridge Island Museum of Art,Readings & Lectures,West,47.6251322,-122.51453295865404,"Temp: 57°F, Wind: 9 mph, Chance Light Rain"
Celebrate Asia,1/28/2024,Benaroya Hall,Music,Downtown,47.60811665,-122.33697040702705,"Temp: 59°F, Wind: 7 mph, Light Rain Likely"
Django’s Birthday Concert with Ranger and the Re-Arrangers,1/28/2024,The Royal Room,Music,South Seattle,32.2275723,-110.9685178,"Temp: 74°F, Wind: 10 to 17 mph, Mostly Sunny"
Family Day with Birds Connect Seattle,1/28/2024,National Nordic Museum,Museums,Fremont / Ballard,47.6683615,-122.39177949359151,"Temp: 59°F, Wind: 6 to 9 mph, Light Rain Likely"
Fossil Finders | Ice Ages,1/28/2024,Burke Museum,Museums,University District,47.6605211,-122.31156049949824,"Temp: 59°F, Wind: 6 mph, Light Rain Likely"
Seattle Kraken vs. Columbus Blue Jackets,1/28/2024,Climate Pledge Arena,Sports,Queen Anne / Seattle Center,47.6219014,-122.353990491486,"Temp: 59°F, Wind: 8 mph, Light Rain Likely"
Tacoma Stars vs. San Diego Sockers,1/28/2024,accesso ShoWare Center,Sports,South,47.38765995,-122.24000381780328,"Temp: 61°F, Wind: 5 mph, Light Rain Likely"
Adira Sharkey,1/29/2024,Tractor Tavern,Music,Fremont / Ballard,47.6657081,-122.38280295082915,"Temp: 62°F, Wind: 7 mph, Light Rain Likely"
"Car, The Garden",1/29/2024,The Crocodile,Music,Downtown,47.6146474,-122.3490734,"Temp: 62°F, Wind: 7 mph, Light Rain Likely"
Walla Walla Wine On Tour,1/29/2024,Marion Oliver McCaw Hall,Festivals & Special Events,Queen Anne / Seattle Center,47.62397705,-122.35038850536958,"Temp: 62°F, Wind: 7 mph, Light Rain Likely"
Cheryl Wheeler,1/30/2024,The Triple Door,Music,Downtown,47.6086439,-122.337685,"Temp: 57°F, Wind: 6 to 10 mph, Light Rain Likely"
Giantish,1/30/2024,High Dive,Music,Fremont / Ballard,41.7111625,-93.6318959,"Temp: 38°F, Wind: 14 mph, Partly Sunny"
Seattle Thunderbirds vs. Prince George Cougars,1/30/2024,accesso ShoWare Center,Sports,South,47.38765995,-122.24000381780328,"Temp: 59°F, Wind: 8 mph, Light Rain Likely"
A/political Rocks,Now through 1/31/2024,Henry Art Gallery,Museums,University District,47.6565246,-122.31173279895636,"Temp: 55°F, Wind: 12 mph, Light Rain"
Sophia Al-Maria,Now through 1/31/2024,Henry Art Gallery,Museums,University District,47.6565246,-122.31173279895636,"Temp: 55°F, Wind: 12 mph, Light Rain"
Jahari Stampley,1/30/2024 through 1/31/2024,Dimitriou's Jazz Alley,Music,Downtown,47.6148163,-122.339691,"Temp: 54°F, Wind: 12 mph, Light Rain"
FRAKTURED: Home of the Broken Beat,1/31/2024,High Dive,Music,Fremont / Ballard,41.7111625,-93.6318959,"Temp: 40°F, Wind: 6 to 10 mph, Mostly Sunny"
G3- 25th Anniversary reunion,1/31/2024,The Moore Theatre,Music,Downtown,42.2896932,-83.7207314,"Temp: 40°F, Wind: 8 mph, Mostly Cloudy"
JP Saxe,1/31/2024,The Showbox,Music,Downtown,47.6085136,-122.3394726,"Temp: 54°F, Wind: 12 mph, Light Rain"
Los Lobos,1/31/2024,The Triple Door,Music,Downtown,47.6086439,-122.337685,"Temp: 54°F, Wind: 12 mph, Light Rain"
The Daimonics,1/31/2024,The Royal Room,Music,South Seattle,32.2275723,-110.9685178,"Temp: 77°F, Wind: 8 mph, Sunny"
BabyTron,2/1/2024,The Showbox,Music,Downtown,47.6085136,-122.3394726,"Temp: 50°F, Wind: 9 mph, Light Rain Likely"
Battlestar Kalakala,2/1/2024,Sea Monster Lounge,Music,Wallingford / Greenlake,47.6615049,-122.332319,"Temp: 50°F, Wind: 10 mph, Light Rain Likely"
Catalyzing Change with Akuyea Karen Vargas,2/1/2024,Bainbridge Island Museum of Art,Readings & Lectures,West,47.6251322,-122.51453295865404,"Temp: 49°F, Wind: 10 mph, Light Rain Likely"
Exceptional Failures,2/1/2024,Tractor Tavern,Music,Fremont / Ballard,47.6657081,-122.38280295082915,"Temp: 50°F, Wind: 10 mph, Light Rain Likely"
Jamila Woods,2/1/2024,Neumos,Music,Capitol Hill / Central District,47.613954,-122.3196108,"Temp: 50°F, Wind: 9 mph, Light Rain Likely"
Jazz is Dead: Blue Note 85,2/1/2024,The Neptune Theatre,Music,University District,,,N/A
Michelle Cann,2/1/2024,Meany Center for the Performing Arts,Music,University District,,,N/A
Pakt,2/1/2024,Funhouse,Music,Capitol Hill / Central District,43.6576535,-72.2840663,"Temp: 37°F, Wind: 2 to 6 mph, Mostly Cloudy"
Public Theatre,2/1/2024,Barboza,Music,Capitol Hill / Central District,-13.248885,-41.0275842,N/A
American Flats Album Release,2/2/2024,The Royal Room,Music,South Seattle,32.2275723,-110.9685178,"Temp: 56°F, Wind: 12 to 17 mph, Rain Showers"
Erik Walters,2/2/2024,Barboza,Music,Capitol Hill / Central District,-13.248885,-41.0275842,N/A
Memoir,2/2/2024,Benaroya Hall,Music,Downtown,47.60811665,-122.33697040702705,"Temp: 45°F, Wind: 8 mph, Chance Light Rain"
Nora En Pure,2/2/2024,Showbox SoDo,Music,Pioneer Square,47.5880461,-122.333928,"Temp: 46°F, Wind: 8 mph, Chance Light Rain"
Poolside,2/2/2024,The Showbox,Music,Downtown,47.6085136,-122.3394726,"Temp: 45°F, Wind: 8 mph, Chance Light Rain"
Tacoma Stars vs. Monterrey Flash,2/2/2024,accesso ShoWare Center,Sports,South,47.38765995,-122.24000381780328,"Temp: 46°F, Wind: 8 mph, Chance Light Rain"
Jaha Koo: The History of Korean Western Theatre,2/1/2024 through 2/3/2024,On The Boards,Theatre,Queen Anne / Seattle Center,50.2622955,-5.0548053,N/A
The Winds: Medley of Emotions,2/2/2024 through 2/3/2024,Benaroya Hall,Music,Downtown,47.60811665,-122.33697040702705,N/A
All Will Suffer,2/3/2024,Funhouse,Music,Capitol Hill / Central District,43.6576535,-72.2840663,"Temp: 28°F, Wind: 9 to 13 mph, Partly Sunny"
Banned & Beloved,2/3/2024,Town Hall Seattle,Music,Downtown,47.6090191,-122.32993774092222,N/A
Cold War Kids – 20 Years Tour,2/3/2024,The Moore Theatre,Music,Downtown,42.2896932,-83.7207314,"Temp: 36°F, Wind: 14 mph, Mostly Sunny"
Mau P,2/3/2024,The Showbox,Music,Downtown,47.6085136,-122.3394726,N/A
Oble,2/3/2024,Barboza,Music,Capitol Hill / Central District,-13.248885,-41.0275842,N/A
Randy Rainbow for President,2/3/2024,The Paramount Theatre,Theatre,Downtown,40.8697559,-73.42561952873208,"Temp: 38°F, Wind: 10 to 14 mph, Mostly Sunny"
The Delta Bombers,2/3/2024,El Corazon,Music,Downtown,-5.2464353,-78.9699948,N/A
The Grave Plot Film Fest part 6,2/3/2024,Ark Lodge Cinemas,Film & Media Arts,South Seattle,47.5589937,-122.285421,N/A
Seattle Chamber Music Winter Festival,Now through 2/4/2024,Benaroya Hall,Music,Downtown,47.60811665,-122.33697040702705,N/A
Beethoven Emperor Concerto,2/1/2024 through 2/4/2024,Benaroya Hall,Music,Downtown,47.60811665,-122.33697040702705,N/A
Sergio Mendes,2/1/2024 through 2/4/2024,Dimitriou's Jazz Alley,Music,Downtown,47.6148163,-122.339691,N/A
Daniel Tiger’s Neighborhood,2/4/2024,The Paramount Theatre,Theatre,Downtown,40.8697559,-73.42561952873208,N/A
Family Art Day: La Vaughn Belle,2/4/2024,National Nordic Museum,Museums,Fremont / Ballard,47.6683615,-122.39177949359151,N/A
Lil Skies,2/4/2024,The Showbox,Music,Downtown,47.6085136,-122.3394726,N/A
Secular and Sacred,2/4/2024,Town Hall Seattle,Music,Downtown,47.6090191,-122.32993774092222,N/A
Criminal,2/5/2024,The Moore Theatre,Theatre,Downtown,42.2896932,-83.7207314,N/A
Neck Deep,2/5/2024,Showbox SoDo,Music,Pioneer Square,47.5880461,-122.333928,N/A
Kazu Kibuishi with Donna Barba Higuera,2/6/2024,Town Hall Seattle,Readings & Lectures,Downtown,47.6090191,-122.32993774092222,N/A
Kristin Hannah,2/6/2024,Benaroya Hall,Readings & Lectures,Downtown,47.60811665,-122.33697040702705,N/A
Michael J. Gerhardt,2/6/2024,Town Hall Seattle,Readings & Lectures,Downtown,47.6090191,-122.32993774092222,N/A
Night Lovell,2/6/2024,The Showbox,Music,Downtown,47.6085136,-122.3394726,N/A
Soja,2/6/2024,The Neptune Theatre,Music,University District,,,N/A
Kenny Barron Trio,2/6/2024 through 2/7/2024,Dimitriou's Jazz Alley,Music,Downtown,47.6148163,-122.339691,N/A
Dimiter,2/7/2024,Sunset Tavern,Music,Fremont / Ballard,36.0254577,-114.9637699,N/A
Tamara Payne: The Life and Legacy of Malcolm X,2/7/2024,Town Hall Seattle,Readings & Lectures,Downtown,47.6090191,-122.32993774092222,N/A
The Kills,2/7/2024,Showbox SoDo,Music,Pioneer Square,47.5880461,-122.333928,N/A
An Evening with Tina Campt: Black Feminist Visual Culture,2/8/2024,Town Hall Seattle,Readings & Lectures,Downtown,47.6090191,-122.32993774092222,N/A
Art and Transformation,2/8/2024,Bainbridge Island Museum of Art,Readings & Lectures,West,47.6251322,-122.51453295865404,N/A
Eric Bellinger,2/8/2024,The Showbox,Music,Downtown,47.6085136,-122.3394726,N/A
Futurebirds and Nude Party,2/8/2024,The Neptune Theatre,Music,University District,,,N/A
Ilana Glazer Live,2/8/2024,The Moore Theatre,Theatre,Downtown,42.2896932,-83.7207314,N/A
Mister Blank,2/8/2024,Nectar Lounge,Music,Fremont / Ballard,47.6523876,-122.3538541520202,N/A
The Thorn,2/8/2024 through 2/9/2024,The Paramount Theatre,Theatre,Downtown,40.8697559,-73.42561952873208,N/A
Barry Can’t Swim,2/9/2024,Neumos,Music,Capitol Hill / Central District,47.613954,-122.3196108,N/A
Dark Star Orchestra,2/9/2024,The Showbox,Music,Downtown,47.6085136,-122.3394726,N/A
Gov’t Mule,2/9/2024,The Moore Theatre,Music,Downtown,42.2896932,-83.7207314,N/A
Ijeoma Oluo: Be A Revolution,2/9/2024,Town Hall Seattle,Readings & Lectures,Downtown,47.6090191,-122.32993774092222,N/A
Mayer Hawthorne,2/9/2024,The Neptune Theatre,Music,University District,,,N/A
Moontricks,2/9/2024,The Crocodile,Music,Downtown,47.6146474,-122.3490734,N/A
OBOE / OBOE,2/9/2024,415 Westlake,Music,Queen Anne / Seattle Center,47.622554,-122.3386578,N/A
Roots and Wings,2/9/2024,Rendezvous JewelBox Theater,Theatre,Downtown,47.6146245,-122.3462961,N/A
Seattle Boat Show,2/2/2024 through 2/10/2024,Lumen Field,Festivals & Special Events,Pioneer Square,47.5953459,-122.33164431196111,N/A
Randall Goosby Plays Mozart,2/8/2024 through 2/10/2024,Benaroya Hall,Music,Downtown,47.60811665,-122.33697040702705,N/A
Art by Design,2/9/2024 through 2/10/2024,Seattle Design Center,Visual Arts & Galleries,Downtown,47.55148885,-122.32828666347223,N/A
The Love Show,2/9/2024 through 2/10/2024,The Royal Room,Theatre,South Seattle,32.2275723,-110.9685178,N/A
Brazilian Carnaval 2024,2/10/2024,The Crocodile,Music,Downtown,47.6146474,-122.3490734,N/A
Chase Rice,2/10/2024,Showbox SoDo,Music,Pioneer Square,47.5880461,-122.333928,N/A
Joe “Mr. D”  Dombrowski,2/10/2024,The Moore Theatre,Theatre,Downtown,42.2896932,-83.7207314,N/A
JVNA,2/10/2024,The Showbox,Music,Downtown,47.6085136,-122.3394726,N/A
Linda From Work,2/10/2024,Barboza,Music,Capitol Hill / Central District,-13.248885,-41.0275842,N/A
The Brother Brothers,2/10/2024,Tractor Tavern,Music,Fremont / Ballard,47.6657081,-122.38280295082915,N/A
The Temptations &  The Four Tops,2/10/2024,The Paramount Theatre,Music,Downtown,40.8697559,-73.42561952873208,N/A
Quixote Nuevo,Now through 2/11/2024,Seattle Rep,Theatre,Queen Anne / Seattle Center,47.6145597,-122.3285576,N/A
Kent Stowell’s Swan Lake,2/2/2024 through 2/11/2024,Marion Oliver McCaw Hall,Dance,Queen Anne / Seattle Center,47.62397705,-122.35038850536958,N/A
Blood Sweat  and Tears,2/8/2024 through 2/11/2024,Dimitriou's Jazz Alley,Music,Downtown,47.6148163,-122.339691,N/A
Love at the Zoo,2/10/2024 through 2/11/2024,Point Defiance Zoo and Aquarium,Festivals & Special Events,South,47.3049439,-122.52137750626918,N/A
Scott Bradlee’s Postmodern Jukebox,2/11/2024,The Paramount Theatre,Music,Downtown,40.8697559,-73.42561952873208,N/A
Tourist and Amtrac,2/11/2024,The Showbox,Music,Downtown,47.6085136,-122.3394726,N/A
6th Annual Sami Film Festival,2/9/2024 through 2/12/2024,Majestic Bay Theatres,Museums,Fremont / Ballard,,,N/A
Eliades Ochoa,2/13/2024,The Moore Theatre,Music,Downtown,42.2896932,-83.7207314,N/A
K. Wayne Yang,2/13/2024,Town Hall Seattle,Readings & Lectures,Downtown,47.6090191,-122.32993774092222,N/A
Juanes,2/14/2024,The Moore Theatre,Music,Downtown,42.2896932,-83.7207314,N/A
Black Dogs,2/15/2024,Sea Monster Lounge,Music,Wallingford / Greenlake,47.6615049,-122.332319,N/A
Hear Me Talkin’ to You: Womxn and Blues,2/15/2024,The Royal Room,Music,South Seattle,32.2275723,-110.9685178,N/A
Maddie Zahm,2/15/2024,The Neptune Theatre,Music,University District,,,N/A
Silversun Pickups,2/15/2024,The Moore Theatre,Music,Downtown,42.2896932,-83.7207314,N/A
The Brodies,2/15/2024,High Dive,Music,Fremont / Ballard,41.7111625,-93.6318959,N/A
Cory Wong Winter 2024 Tour,2/16/2024,The Paramount Theatre,Music,Downtown,40.8697559,-73.42561952873208,N/A
Left on Tenth,2/16/2024,High Dive,Music,Fremont / Ballard,41.7111625,-93.6318959,N/A
Marlon Wayans,2/16/2024,The Moore Theatre,Theatre,Downtown,42.2896932,-83.7207314,N/A
Riley Mulherkar: Album Release Show,2/16/2024,The Royal Room,Music,South Seattle,32.2275723,-110.9685178,N/A
Yeah!,2/16/2024,Nectar Lounge,Music,Fremont / Ballard,47.6523876,-122.3538541520202,N/A
Circa:Humans 2.0,2/15/2024 through 2/17/2024,Meany Center for the Performing Arts,Theatre,University District,,,N/A
Big Business,2/17/2024,Tractor Tavern,Music,Fremont / Ballard,47.6657081,-122.38280295082915,N/A
David Wax Museum,2/17/2024,Fremont Abbey Arts Center,Music,Fremont / Ballard,47.6592234,-122.349792,N/A
Jon Batiste,2/17/2024,The Paramount Theatre,Music,Downtown,40.8697559,-73.42561952873208,N/A
lespecial,2/17/2024,High Dive,Music,Fremont / Ballard,41.7111625,-93.6318959,N/A
TobyMac Hits Deep 2024,2/17/2024,accesso ShoWare Center,Music,South,47.38765995,-122.24000381780328,N/A
A Case for the Existence of God,2/2/2024 through 2/18/2024,ACT Theatre,Theatre,Downtown,47.6108495,-122.3323262,N/A
Northwest Flower & Garden Festival,2/14/2024 through 2/18/2024,Seattle Convention Center,Festivals & Special Events,Downtown,47.61175385,-122.33156275066185,N/A
The Princess Bride in Concert with the Seattle Symphony,2/14/2024 through 2/18/2024,Benaroya Hall,Music,Downtown,47.60811665,-122.33697040702705,N/A
Mindi Abair Wine and Jazz Tour 2024,2/15/2024 through 2/18/2024,Dimitriou's Jazz Alley,Music,Downtown,47.6148163,-122.339691,N/A
Madonna,2/17/2024 through 2/18/2024,Climate Pledge Arena,Music,Queen Anne / Seattle Center,47.6219014,-122.353990491486,N/A
Aqua Fools’ Day,2/18/2024,High Dive,Music,Fremont / Ballard,41.7111625,-93.6318959,N/A
Dr. Joy Buolamwini,2/18/2024,Town Hall Seattle,Readings & Lectures,Downtown,47.6090191,-122.32993774092222,N/A
La Nef: Red Sky at Night,2/18/2024,Town Hall Seattle,Music,Downtown,47.6090191,-122.32993774092222,N/A
Love Beyond Border,2/18/2024,Benaroya Hall,Music,Downtown,47.60811665,-122.33697040702705,N/A
"Meet the Author: Maggie Taft, The Chieftain and the Chair",2/18/2024,National Nordic Museum,Museums,Fremont / Ballard,47.6683615,-122.39177949359151,N/A
Seattle Kraken vs. Detroit Red Wings,2/19/2024,Climate Pledge Arena,Sports,Queen Anne / Seattle Center,47.6219014,-122.353990491486,N/A
The Thrifted,2/19/2024,High Dive,Music,Fremont / Ballard,41.7111625,-93.6318959,N/A
Black and Boujee,Now through 2/20/2024,Bainbridge Island Museum of Art,Museums,West,47.6251322,-122.51453295865404,N/A
From Mozart to Matthews,2/20/2024,Benaroya Hall,Music,Downtown,47.60811665,-122.33697040702705,N/A
Lukas Nelson,2/20/2024,The Showbox,Music,Downtown,47.6085136,-122.3394726,N/A
Mahogany – smARTfilms: Black Luxury,2/20/2024,Bainbridge Island Museum of Art,Film & Media Arts,West,47.6251322,-122.51453295865404,N/A
Robots Who Paint,2/20/2024,Town Hall Seattle,Readings & Lectures,Downtown,47.6090191,-122.32993774092222,N/A
Trask,2/20/2024,High Dive,Music,Fremont / Ballard,41.7111625,-93.6318959,N/A
"Wu Han, Philip Setzer & David Finckel",2/20/2024,Meany Center for the Performing Arts,Music,University District,,,N/A
The Cookers,2/20/2024 through 2/21/2024,Dimitriou's Jazz Alley,Music,Downtown,47.6148163,-122.339691,N/A
Cesar Cuauhtemoc Garcia Hernandez,2/21/2024,Town Hall Seattle,Readings & Lectures,Downtown,47.6090191,-122.32993774092222,N/A
Side-by-Side with Seattle Youth Symphony Orchestra,2/21/2024,Benaroya Hall,Music,Downtown,47.60811665,-122.33697040702705,N/A
Bailen,2/22/2024,The Crocodile,Music,Downtown,47.6146474,-122.3490734,N/A
Dr. Charan Ranganath,2/22/2024,Town Hall Seattle,Readings & Lectures,Downtown,47.6090191,-122.32993774092222,N/A
Mountain Holler,2/22/2024,High Dive,Music,Fremont / Ballard,41.7111625,-93.6318959,N/A
Seattle Kraken vs. Vancouver Canucks,2/22/2024,Climate Pledge Arena,Sports,Queen Anne / Seattle Center,47.6219014,-122.353990491486,N/A
Shabaka,2/22/2024,Town Hall Seattle,Music,Downtown,47.6090191,-122.32993774092222,N/A
Funky Friday with F2D,Now through 2/23/2024,Sea Monster Lounge,Music,Wallingford / Greenlake,47.6615049,-122.332319,N/A
BLACKSTAR SYMPHONY: The Music of David Bowie,2/23/2024,Benaroya Hall,Music,Downtown,47.60811665,-122.33697040702705,N/A
Caligula’s Horse,2/23/2024,El Corazon,Music,Downtown,-5.2464353,-78.9699948,N/A
Opera Talk: The Making of X,2/23/2024,Opera Center,Readings & Lectures,Queen Anne / Seattle Center,44.43358325,26.079138268508792,N/A
Tikkadoom and Nick Drummond,2/23/2024,The Royal Room,Music,South Seattle,32.2275723,-110.9685178,N/A
Wreckno,2/23/2024,The Showbox,Music,Downtown,47.6085136,-122.3394726,N/A
Kelly Akashi,Now through 2/24/2024,Henry Art Gallery,Museums,University District,47.6565246,-122.31173279895636,N/A
The Lower Depths,2/6/2024 through 2/24/2024,Erickson Theatre,Theatre,Capitol Hill / Central District,47.61467195,-122.3217419,N/A
Bassekou Kouyate and Vieux Farka Toure,2/22/2024 through 2/24/2024,Town Hall Seattle,Music,Downtown,47.6090191,-122.32993774092222,N/A
Crystal Skies,2/24/2024,Nectar Lounge,Music,Fremont / Ballard,47.6523876,-122.3538541520202,N/A
Dan Brown Wild Symphony,2/24/2024,Benaroya Hall,Music,Downtown,47.60811665,-122.33697040702705,N/A
Nate Jackson,2/24/2024,The Moore Theatre,Theatre,Downtown,42.2896932,-83.7207314,N/A
Pink Sweat$,2/24/2024,The Showbox,Music,Downtown,47.6085136,-122.3394726,N/A
Root and Branch,2/24/2024,Town Hall Seattle,Music,Downtown,47.6090191,-122.32993774092222,N/A
Seattle Kraken vs. Minnesota Wild,2/24/2024,Climate Pledge Arena,Sports,Queen Anne / Seattle Center,47.6219014,-122.353990491486,N/A
Small Island Big Song,2/24/2024,Meany Center for the Performing Arts,Music,University District,,,N/A
Born With Teeth,2/1/2024 through 2/25/2024,ArtsWest Playhouse and Gallery,Theatre,West Seattle,,,N/A
"Once More, Just For You",2/5/2024 through 2/25/2024,Seattle Public Theater,Theatre,Wallingford / Greenlake,47.6821341,-122.3398325,N/A
Wintergrass Music Festival,2/22/2024 through 2/25/2024,Hyatt Regency Bellevue,Festivals & Special Events,Bellevue / Eastside,47.618258,-122.20116,N/A
Klezmer Starts Here: The Music of Abe Schwartz,2/25/2024,The Royal Room,Music,South Seattle,32.2275723,-110.9685178,N/A
Telling the Story,2/25/2024,Town Hall Seattle,Readings & Lectures,Downtown,47.6090191,-122.32993774092222,N/A
Cherry Glazerr,2/26/2024,Neumos,Music,Capitol Hill / Central District,47.613954,-122.3196108,N/A
Dick & Angel Dare to Do It,2/26/2024,The Paramount Theatre,Theatre,Downtown,40.8697559,-73.42561952873208,N/A
Seattle Kraken vs. Boston Bruins,2/26/2024,Climate Pledge Arena,Sports,Queen Anne / Seattle Center,47.6219014,-122.353990491486,N/A
Hunt for Sleeping Giants | National Geographic Live,2/25/2024 through 2/27/2024,Benaroya Hall,Readings & Lectures,Downtown,47.60811665,-122.33697040702705,N/A
Big Tooth,2/27/2024,Sea Monster Lounge,Music,Wallingford / Greenlake,47.6615049,-122.332319,N/A
Eric Klinenberg,2/27/2024,Town Hall Seattle,Readings & Lectures,Downtown,47.6090191,-122.32993774092222,N/A
Fresh Dressed – smARTfilms: Black Luxury,2/27/2024,Bainbridge Island Museum of Art,Museums,West,47.6251322,-122.51453295865404,N/A
Joy Harjo,2/27/2024,Town Hall Seattle,Readings & Lectures,Downtown,47.6090191,-122.32993774092222,N/A
Anand Gopal,2/28/2024,Town Hall Seattle,Readings & Lectures,Downtown,47.6090191,-122.32993774092222,N/A
Dianne Reeves,2/28/2024,Town Hall Seattle,Music,Downtown,47.6090191,-122.32993774092222,N/A
Kassa Overall,2/28/2024,Nectar Lounge,Music,Fremont / Ballard,47.6523876,-122.3538541520202,N/A
Playboi Carti,2/28/2024,Climate Pledge Arena,Music,Queen Anne / Seattle Center,47.6219014,-122.353990491486,N/A
Winter Brilliance,Now through 2/29/2024,Chihuly Garden and Glass,Museums,Queen Anne / Seattle Center,47.6205296,-122.35020712496446,N/A
Seattle Museum Month,2/1/2024 through 2/29/2024,Downtown Seattle,Museums,Downtown,47.5989361,-122.3279543,N/A
JNA and Tavia Rhodes,2/29/2024,The Royal Room,Music,South Seattle,32.2275723,-110.9685178,N/A
Julian Lage,2/29/2024,Town Hall Seattle,Music,Downtown,47.6090191,-122.32993774092222,N/A
MarchFourth,2/29/2024,Nectar Lounge,Music,Fremont / Ballard,47.6523876,-122.3538541520202,N/A
Seattle Kraken vs. Pittsburgh Penguins,2/29/2024,Climate Pledge Arena,Sports,Queen Anne / Seattle Center,47.6219014,-122.353990491486,N/A
The Human Family,2/29/2024,LANGSTON Seattle,Music,Capitol Hill / Central District,47.6012977,-122.30982515103054,N/A
Enjambre,3/1/2024,Nectar Lounge,Music,Fremont / Ballard,47.6523876,-122.3538541520202,N/A
Fall Out Boy,3/1/2024,Climate Pledge Arena,Readings & Lectures,Queen Anne / Seattle Center,47.6219014,-122.353990491486,N/A
Global Rhythms: Justin Adams and Mauro Durante,3/1/2024,Town Hall Seattle,Music,Downtown,47.6090191,-122.32993774092222,N/A
Sloane Crosley with Ben Gibbard,3/1/2024,Town Hall Seattle,Readings & Lectures,Downtown,47.6090191,-122.32993774092222,N/A
Tacoma Stars vs. Harrisburg Heat,3/1/2024,accesso ShoWare Center,Sports,South,47.38765995,-122.24000381780328,N/A
Tommy Emmanuel,3/1/2024,The Moore Theatre,Music,Downtown,42.2896932,-83.7207314,N/A
Facades,2/1/2024 through 3/2/2024,Harris Harvey Gallery,Visual Arts & Galleries,Downtown,,,N/A
Conrad Tao’s Playlist,3/1/2024 through 3/2/2024,Benaroya Hall,Music,Downtown,47.60811665,-122.33697040702705,N/A
Crypta,3/2/2024,El Corazon,Music,Downtown,-5.2464353,-78.9699948,N/A
Seattle Kraken vs. Edmonton Oilers,3/2/2024,Climate Pledge Arena,Sports,Queen Anne / Seattle Center,47.6219014,-122.353990491486,N/A
Seattle Sounders FC vs. Austin FC,3/2/2024,Lumen Field,Sports,Pioneer Square,47.5953459,-122.33164431196111,N/A
Emerald City Comic Con,2/29/2024 through 3/3/2024,Seattle Convention Center,Festivals & Special Events,Downtown,47.61175385,-122.33156275066185,N/A
Briscoe,3/3/2024,Tractor Tavern,Music,Fremont / Ballard,47.6657081,-122.38280295082915,N/A
Tacoma Stars vs. Harrisburg Heat,3/3/2024,accesso ShoWare Center,Music,South,47.38765995,-122.24000381780328,N/A
Eve’s Bayou – smARTfilms: Black Luxury,3/5/2024,Bainbridge Island Museum of Art,Museums,West,47.6251322,-122.51453295865404,N/A
Atlus,3/7/2024,Nectar Lounge,Music,Fremont / Ballard,47.6523876,-122.3538541520202,N/A
Calidore Quartet & Abeo Quartet,3/8/2024,415 Westlake,Music,Queen Anne / Seattle Center,47.622554,-122.3386578,N/A
Holding / Movement,3/8/2024,Benaroya Hall,Music,Downtown,47.60811665,-122.33697040702705,N/A
Seattle Kraken vs. Winnipeg Jets,3/8/2024,Climate Pledge Arena,Sports,Queen Anne / Seattle Center,47.6219014,-122.353990491486,N/A
X:The Life and Times of Malcolm X,2/24/2024 through 3/9/2024,Marion Oliver McCaw Hall,Music,Queen Anne / Seattle Center,47.62397705,-122.35038850536958,N/A
Bach St. John Passion,3/7/2024 through 3/9/2024,Benaroya Hall,Music,Downtown,47.60811665,-122.33697040702705,N/A
Ariel Pink,3/9/2024,El Corazon,Music,Downtown,-5.2464353,-78.9699948,N/A
Helene Grimaud,3/9/2024,Meany Center for the Performing Arts,Music,University District,,,N/A
Josiah and the Bonnevilles,3/9/2024,Barboza,Music,Capitol Hill / Central District,-13.248885,-41.0275842,N/A
Mahan Esfahan,3/9/2024,Town Hall Seattle,Music,Downtown,47.6090191,-122.32993774092222,N/A
Positive Fragmentation,Now through 3/10/2024,Bellevue Arts Museum,Museums,Bellevue / Eastside,-21.266983,55.4113864,N/A
Antonio M. Gomez: LINEAJES,Now through 3/10/2024,Frye Art Museum,Museums,Capitol Hill / Central District,47.60719095,-122.32405377084555,N/A
Soren Solkaer: Sort Sol,Now through 3/10/2024,National Nordic Museum,Museums,Fremont / Ballard,47.6683615,-122.39177949359151,N/A
Luchadora!,2/22/2024 through 3/10/2024,Seattle Children's Theatre,Theatre,Queen Anne / Seattle Center,47.6204553,-122.35225726215312,N/A
Wild Cats Revealed | National Geographic Live,3/10/2024 through 3/12/2024,Benaroya Hall,Readings & Lectures,Downtown,47.60811665,-122.33697040702705,N/A
Seattle Kraken vs. Vegas Golden Knights,3/12/2024,Climate Pledge Arena,Sports,Queen Anne / Seattle Center,47.6219014,-122.353990491486,N/A
Seattle Kraken vs. Washington Capitals,3/14/2024,Climate Pledge Arena,Sports,Queen Anne / Seattle Center,47.6219014,-122.353990491486,N/A
Autoheart,3/15/2024,El Corazon,Music,Downtown,-5.2464353,-78.9699948,N/A
The Snuts,3/15/2024,Barboza,Music,Capitol Hill / Central District,-13.248885,-41.0275842,N/A
Mark Morris Dance Group: The Look of Love,3/14/2024 through 3/16/2024,Meany Center for the Performing Arts,Music,University District,,,N/A
Sibelius & Nielsen,3/14/2024 through 3/16/2024,Benaroya Hall,Music,Downtown,47.60811665,-122.33697040702705,N/A
Tacoma Stars vs. Chihuahua Savage,3/15/2024 through 3/16/2024,accesso ShoWare Center,Sports,South,47.38765995,-122.24000381780328,N/A
Seattle Kraken vs. Nashville Predators,3/16/2024,Climate Pledge Arena,Sports,Queen Anne / Seattle Center,47.6219014,-122.353990491486,N/A
Seattle Sounders FC vs. Colorado Rapids,3/16/2024,Lumen Field,Sports,Pioneer Square,47.5953459,-122.33164431196111,N/A
Native Portraiture: Power and Perception,Now through 3/17/2024,Tacoma Art Museum,Museums,South,47.2475134,-122.43680521780016,N/A
Places to Call Home: Settlements in the West,Now through 3/17/2024,Tacoma Art Museum,Museums,South,47.2475134,-122.43680521780016,N/A
Nobody Lives Here,Now through 3/17/2024,Wing Luke Museum,Museums,International District,47.5982461,-122.3228705,N/A
Rootabaga Country,3/8/2024 through 3/17/2024,Opera Center,Music,Queen Anne / Seattle Center,44.43358325,26.079138268508792,N/A
Seattle Kraken vs. Buffalo Sabres,3/18/2024,Climate Pledge Arena,Sports,Queen Anne / Seattle Center,47.6219014,-122.353990491486,N/A
Tacoma Stars vs. Empire Strykers,3/23/2024,accesso ShoWare Center,Sports,South,47.38765995,-122.24000381780328,N/A
Something’s Afoot,3/1/2024 through 3/24/2024,The 5th Avenue Theatre,Theatre,Downtown,39.7329068,-75.1300389,N/A
One Thousand Pieces,3/15/2024 through 3/24/2024,Marion Oliver McCaw Hall,Dance,Queen Anne / Seattle Center,47.62397705,-122.35038850536958,N/A
Simon Trpceski Plays Tchaikovsky,3/21/2024 through 3/24/2024,Benaroya Hall,Music,Downtown,47.60811665,-122.33697040702705,N/A
Celebrate Holi! Spring Festival of Colors from South Asia,3/24/2024,Burke Museum,Museums,University District,47.6605211,-122.31156049949824,N/A
Seattle Kraken vs. Montreal Canadiens,3/24/2024,Climate Pledge Arena,Sports,Queen Anne / Seattle Center,47.6219014,-122.353990491486,N/A
Seattle Kraken vs. Anaheim Ducks,3/26/2024,Climate Pledge Arena,Sports,Queen Anne / Seattle Center,47.6219014,-122.353990491486,N/A
Seattle Kraken vs. Anaheim Ducks,3/28/2024,Climate Pledge Arena,Sports,Queen Anne / Seattle Center,47.6219014,-122.353990491486,N/A
Tim McGraw,3/29/2024,Climate Pledge Arena,Music,Queen Anne / Seattle Center,47.6219014,-122.353990491486,N/A
Harold and the Purple Crayon,3/23/2024 through 3/30/2024,Marion Oliver McCaw Hall,Dance,Queen Anne / Seattle Center,47.62397705,-122.35038850536958,N/A
Monster Jam,3/30/2024,Lumen Field,Festivals & Special Events,Pioneer Square,47.5953459,-122.33164431196111,N/A
Seattle Kraken vs. Dallas Stars,3/30/2024,Climate Pledge Arena,Sports,Queen Anne / Seattle Center,47.6219014,-122.353990491486,N/A
Illuminate: Glass Art for Early Learners,Now through 3/31/2024,Museum of Glass,Museums,South,47.24582405,-122.43381971536058,N/A
Al Young’s 1970 Dodge Challenger Drag Racer,Now through 3/31/2024,Museum of History & Industry,Museums,Queen Anne / Seattle Center,47.6275114,-122.3367506,N/A
Shine On Seattle,Now through 3/31/2024,Pioneer Square,Festivals & Special Events,Pioneer Square,45.5189007,-122.67929660431365,N/A
Sanctuary City,3/1/2024 through 3/31/2024,Seattle Rep,Theatre,Queen Anne / Seattle Center,47.6145597,-122.3285576,N/A
Stew,3/15/2024 through 3/31/2024,ACT Theatre,Theatre,Downtown,47.6108495,-122.3323262,N/A
Luis Miguel,4/4/2024,Climate Pledge Arena,Music,Queen Anne / Seattle Center,47.6219014,-122.353990491486,N/A
Taylor Raven and Duke Kim in Recital,4/4/2024,Opera Center,Music,Queen Anne / Seattle Center,44.43358325,26.079138268508792,N/A
Jo Koy,4/5/2024,Climate Pledge Arena,Theatre,Queen Anne / Seattle Center,47.6219014,-122.353990491486,N/A
Copland Appalachian Spring,4/4/2024 through 4/6/2024,Benaroya Hall,Music,Downtown,47.60811665,-122.33697040702705,N/A
Seattle Sounders FC vs. CF Montreal,4/6/2024,Lumen Field,Sports,Pioneer Square,47.5953459,-122.33164431196111,N/A
Tom Segura,4/6/2024,Climate Pledge Arena,Theatre,Queen Anne / Seattle Center,47.6219014,-122.353990491486,N/A
La Vaughn Belle: A History of Unruly Returns,Now through 4/7/2024,National Nordic Museum,Museums,Fremont / Ballard,47.6683615,-122.39177949359151,N/A
Beetlejuice,4/2/2024 through 4/7/2024,The Paramount Theatre,Theatre,Downtown,40.8697559,-73.42561952873208,N/A
Seattle Kraken vs. Arizona Coyotes,4/9/2024,Climate Pledge Arena,Sports,Queen Anne / Seattle Center,47.6219014,-122.353990491486,N/A
Seattle Kraken vs. San Jose Sharks,4/11/2024,Climate Pledge Arena,Sports,Queen Anne / Seattle Center,47.6219014,-122.353990491486,N/A
The Percussion: Sounds from Home,4/12/2024 through 4/13/2024,Benaroya Hall,Music,Downtown,47.60811665,-122.33697040702705,N/A
Honoring 50 Years of Papunya Tula Painting,Now through 4/14/2024,Seattle Art Museum,Museums,Downtown,47.6077008,-122.3385575,N/A
The Moors,3/22/2024 through 4/14/2024,Seattle Public Theater,Theatre,Wallingford / Greenlake,47.6821341,-122.3398325,N/A
Mahler Symphony No. 3,4/11/2024 through 4/14/2024,Benaroya Hall,Music,Downtown,47.60811665,-122.33697040702705,N/A
Best of the Northwest Spring Show,4/13/2024 through 4/14/2024,Magnuson Park,Festivals & Special Events,University District,47.6819164,-122.25462087672659,N/A
An Evening with Jinjoo Cho,4/19/2024,415 Westlake,Music,Queen Anne / Seattle Center,47.622554,-122.3386578,N/A
Dvorak Symphony No. 6,4/18/2024 through 4/20/2024,Benaroya Hall,Music,Downtown,47.60811665,-122.33697040702705,N/A
Seattle Sounders FC vs. Vancouver Whitecaps FC,4/20/2024,Lumen Field,Sports,Pioneer Square,47.5953459,-122.33164431196111,N/A
The Seasons’ Canon,4/12/2024 through 4/21/2024,Marion Oliver McCaw Hall,Dance,Queen Anne / Seattle Center,47.62397705,-122.35038850536958,N/A
DRUM TAO 30th Anniversary,4/22/2024,Benaroya Hall,Music,Downtown,47.60811665,-122.33697040702705,N/A
AJR,4/26/2024,Climate Pledge Arena,Music,Queen Anne / Seattle Center,47.6219014,-122.353990491486,N/A
Disney’s Aladdin,4/24/2024 through 4/28/2024,The Paramount Theatre,Theatre,Downtown,40.8697559,-73.42561952873208,N/A
Antarctic Symphony,4/25/2024 through 4/28/2024,Benaroya Hall,Music,Downtown,47.60811665,-122.33697040702705,N/A
Noah Geller’s Playlist,5/3/2024 through 5/4/2024,Benaroya Hall,Music,Downtown,47.60811665,-122.33697040702705,N/A
Broadway Spectacular,5/4/2024,Cornish Playhouse at Seattle Center,Music,Queen Anne / Seattle Center,,,N/A
Jessica Jackson Hutchins: Wrecked and Righteous,Now through 5/5/2024,Frye Art Museum,Museums,Capitol Hill / Central District,47.60719095,-122.32405377084555,N/A
The Lion Tells His Tale,5/1/2024 through 5/5/2024,Broadway Performance Hall,Theatre,Capitol Hill / Central District,47.6158151,-122.32186077039998,N/A
Seattle Sounders FC vs. LA Galaxy,5/5/2024,Lumen Field,Sports,Pioneer Square,47.5953459,-122.33164431196111,N/A
Melanie Martinez,5/10/2024,Climate Pledge Arena,Music,Queen Anne / Seattle Center,47.6219014,-122.353990491486,N/A
"Guma’ Gela:  Part Land, Part Sea, All Ancestry",Now through 5/12/2024,Wing Luke Museum,Museums,International District,47.5982461,-122.3228705,N/A
Jaune Quick-to-See Smith: Memory Map,2/29/2024 through 5/12/2024,Seattle Art Museum,Museums,Downtown,47.6077008,-122.3385575,N/A
Fat Ham,4/12/2024 through 5/12/2024,Seattle Rep,Theatre,Queen Anne / Seattle Center,47.6145597,-122.3285576,N/A
A Tale of Peter Rabbit,4/25/2024 through 5/12/2024,Seattle Children's Theatre,Theatre,Queen Anne / Seattle Center,47.6204553,-122.35225726215312,N/A
The Lehman Trilogy,4/26/2024 through 5/12/2024,ACT Theatre,Theatre,Downtown,47.6108495,-122.3323262,N/A
The Untold Story of Sharks | National Geographic Live,5/12/2024 through 5/14/2024,Benaroya Hall,Readings & Lectures,Downtown,47.60811665,-122.33697040702705,N/A
Seattle Storm vs Minnesota Lynx,5/14/2024,Climate Pledge Arena,Sports,Queen Anne / Seattle Center,47.6219014,-122.353990491486,N/A
Mother,5/17/2024,415 Westlake,Music,Queen Anne / Seattle Center,47.622554,-122.3386578,N/A
Barber Violin Concerto,5/16/2024 through 5/18/2024,Benaroya Hall,Music,Downtown,47.60811665,-122.33697040702705,N/A
Seattle Sounders FC vs. Vancouver Whitecaps FC,5/18/2024,Lumen Field,Sports,Pioneer Square,47.5953459,-122.33164431196111,N/A
Seattle Storm vs. Indiana Fever,5/22/2024,Climate Pledge Arena,Sports,Queen Anne / Seattle Center,47.6219014,-122.353990491486,N/A
The Barber of Seville,5/4/2024 through 5/24/2024,Marion Oliver McCaw Hall,Music,Queen Anne / Seattle Center,47.62397705,-122.35038850536958,N/A
Seattle Storm vs. Washington Mystics,5/25/2024,Climate Pledge Arena,Sports,Queen Anne / Seattle Center,47.6219014,-122.353990491486,N/A
Seattle Sounders FC vs. Real Salt Lake,5/29/2024,Lumen Field,Sports,Pioneer Square,47.5953459,-122.33164431196111,N/A
Unriveled,5/10/2024 through 6/2/2024,Seattle Public Theater,Theatre,Wallingford / Greenlake,47.6821341,-122.3398325,N/A
Seattle Storm vs. Phoenix Mercury,6/4/2024,Climate Pledge Arena,Sports,Queen Anne / Seattle Center,47.6219014,-122.353990491486,N/A
George Balenchine’s Coppelia,5/31/2024 through 6/9/2024,Marion Oliver McCaw Hall,Dance,Queen Anne / Seattle Center,47.62397705,-122.35038850536958,N/A
Jan Lisiecki Plays Prokofiev,6/6/2024 through 6/9/2024,Benaroya Hall,Music,Downtown,47.60811665,-122.33697040702705,N/A
Seattle Storm vs. Los Angeles Sparks,6/11/2024,Climate Pledge Arena,Sports,Queen Anne / Seattle Center,47.6219014,-122.353990491486,N/A
Beethoven Symphony No. 5,6/13/2024 through 6/15/2024,Benaroya Hall,Music,Downtown,47.60811665,-122.33697040702705,N/A
Elizabeth Malaska: All Be Your Mirror,Now through 6/16/2024,Seattle Art Museum,Museums,Downtown,47.6077008,-122.3385575,N/A
Joshua Bell Plays Elements Concerto,6/20/2024 through 6/22/2024,Benaroya Hall,Music,Downtown,47.60811665,-122.33697040702705,N/A
Seattle Sounders FC vs. Minnesota United FC,6/22/2024,Lumen Field,Sports,Pioneer Square,47.5953459,-122.33164431196111,N/A
"Together Again, Again!",5/31/2024 through 6/23/2024,Seattle Rep,Theatre,Queen Anne / Seattle Center,47.6145597,-122.3285576,N/A
2024 KPMG Women’s PGA Championship,6/20/2024 through 6/23/2024,Sahalee Country Club,Sports,Bellevue / Eastside,47.6348885,-122.05701598333333,N/A
Lip Sync for Our Rights,6/22/2024 through 6/23/2024,Marion Oliver McCaw Hall,Music,Queen Anne / Seattle Center,47.62397705,-122.35038850536958,N/A
Seattle Storm vs. Connecticut Sun,6/23/2024,Climate Pledge Arena,Sports,Queen Anne / Seattle Center,47.6219014,-122.353990491486,N/A
Seattle Storm vs. Indiana Fever,6/27/2024,Climate Pledge Arena,Sports,Queen Anne / Seattle Center,47.6219014,-122.353990491486,N/A
Company,6/23/2024 through 6/28/2024,The Paramount Theatre,Music,Downtown,40.8697559,-73.42561952873208,N/A
Seattle Storm vs. Dallas Wings,6/29/2024,Climate Pledge Arena,Sports,Queen Anne / Seattle Center,47.6219014,-122.353990491486,N/A
Sounders FC vs. Chicago Fire FC,6/29/2024,Lumen Field,Sports,Pioneer Square,47.5953459,-122.33164431196111,N/A
2024 University of Washington MFA + MDes Thesis Exhibition,5/24/2024 through 6/30/2024,Henry Art Gallery,Museums,University District,47.6565246,-122.31173279895636,N/A
Spring Awakening,6/7/2024 through 6/30/2024,The 5th Avenue Theatre,Theatre,Downtown,39.7329068,-75.1300389,N/A
Girl From The North Country,6/25/2024 through 6/30/2024,The Paramount Theatre,Music,Downtown,40.8697559,-73.42561952873208,N/A
Seattle Storm vs Dallas Wings,7/1/2024,Climate Pledge Arena,Sports,Queen Anne / Seattle Center,47.6219014,-122.353990491486,N/A
Seattle Storm vs. Chicago Sky,7/5/2024,Climate Pledge Arena,Sports,Queen Anne / Seattle Center,47.6219014,-122.353990491486,N/A
"Anida Yoeu Ali: Hybrid Skin, Mythical Presence",Now through 7/7/2024,Seattle Asian Art Museum,Museums,Capitol Hill / Central District,47.63029565,-122.31413540328062,N/A
Seattle Storm vs.Chicago Sky,7/7/2024,Climate Pledge Arena,Sports,Queen Anne / Seattle Center,47.6219014,-122.353990491486,N/A
Seattle Storm vs. Las Vegas Aces,7/10/2024,Climate Pledge Arena,Sports,Queen Anne / Seattle Center,47.6219014,-122.353990491486,N/A
Seattle Storm vs. Minnesota Lynx,7/12/2024,Climate Pledge Arena,Sports,Queen Anne / Seattle Center,47.6219014,-122.353990491486,N/A
Seattle Storm vs. Atlanta Dream,7/14/2024,Climate Pledge Arena,Sports,Queen Anne / Seattle Center,47.6219014,-122.353990491486,N/A
Seattle Sounders FC vs. Los Angeles FC,7/20/2024,Lumen Field,Sports,Pioneer Square,47.5953459,-122.33164431196111,N/A
Nordic Utopia: African Americans in the 20th Century,3/22/2024 through 7/21/2024,National Nordic Museum,Museums,Fremont / Ballard,47.6683615,-122.39177949359151,N/A
Clue,7/9/2024 through 7/21/2024,The 5th Avenue Theatre,Theatre,Downtown,39.7329068,-75.1300389,N/A
"Be Water, My Friend: The Teachings Of Bruce Lee",Now through 7/28/2024,Wing Luke Museum,Museums,International District,47.5982461,-122.3228705,N/A
Olivia Rodrigo,8/6/2024 through 8/7/2024,Climate Pledge Arena,Music,Queen Anne / Seattle Center,47.6219014,-122.353990491486,N/A
Seattle Storm vs. Washington Mystics,8/26/2024,Climate Pledge Arena,Sports,Queen Anne / Seattle Center,47.6219014,-122.353990491486,N/A
Seattle Storm vs. Atlanta Dream,8/28/2024,Climate Pledge Arena,Sports,Queen Anne / Seattle Center,47.6219014,-122.353990491486,N/A
Seattle Storm vs. New York Liberty,8/30/2024,Climate Pledge Arena,Sports,Queen Anne / Seattle Center,47.6219014,-122.353990491486,N/A
Hidden Worlds: The Films of LAIKA,Now through 8/31/2024,MoPOP Museum of Pop Culture,Museums,Queen Anne / Seattle Center,47.621493099999995,-122.34822527405619,N/A
Poke in the Eye: Art of the West Coast Counterculture,6/21/2024 through 9/2/2024,Seattle Art Museum,Museums,Downtown,47.6077008,-122.3385575,N/A
"Chicago and Earth, Wind & Fire,",9/3/2024,Climate Pledge Arena,Music,Queen Anne / Seattle Center,47.6219014,-122.353990491486,N/A
Seattle Storm vs. Phoenix Mercury,9/7/2024,Climate Pledge Arena,Sports,Queen Anne / Seattle Center,47.6219014,-122.353990491486,N/A
Sound Check! The Music We Make,Now through 9/14/2024,Wing Luke Museum,Museums,International District,47.5982461,-122.3228705,N/A
Seattle Sounders FC vs. Sporting Kansas City,9/15/2024,Lumen Field,Sports,Pioneer Square,47.5953459,-122.33164431196111,N/A
Seattle Storm vs. Los Angeles Sparks,9/15/2024,Climate Pledge Arena,Sports,Queen Anne / Seattle Center,47.6219014,-122.353990491486,N/A
Seattle Storm vs. Las Vegas Aces,9/17/2024,Climate Pledge Arena,Sports,Queen Anne / Seattle Center,47.6219014,-122.353990491486,N/A
Seattle Sounders FC vs. San Jose Earthquakes,9/18/2024,Lumen Field,Sports,Pioneer Square,47.5953459,-122.33164431196111,N/A
Seatle Sounders FC vs. Houston Dynamo,9/28/2024,Lumen Field,Sports,Pioneer Square,47.5953459,-122.33164431196111,N/A
Raul de Nieves,Now through 9/30/2024,Henry Art Gallery,Museums,University District,47.6565246,-122.31173279895636,N/A
Seattle Sounders FC vs. Portland Timbers,10/19/2024,Lumen Field,Sports,Pioneer Square,47.5953459,-122.33164431196111,N/A
Sebastian Maniscalco,10/25/2024,Climate Pledge Arena,Theatre,Queen Anne / Seattle Center,47.6219014,-122.353990491486,N/A
Frye Salon,Now through 10/27/2024,Frye Art Museum,Museums,Capitol Hill / Central District,47.60719095,-122.32405377084555,N/A
On Native Land: Landscapes from the Haub Family Collection,Now through 11/17/2024,Tacoma Art Museum,Museums,South,47.2475134,-122.43680521780016,N/A
Joyce J. Scott: Walk a Mile in My Dreams,10/17/2024 through 1/20/2025,Seattle Art Museum,Museums,Downtown,47.6077008,-122.3385575,N/A
Washi Transformed New Expressions in Japanese Paper,2/2/2024 through 4/26/2026,Bellevue Arts Museum,Museums,Bellevue / Eastside,-21.266983,55.4113864,N/A
Explore The Market,Ongoing,Pike Place Market,Festivals & Special Events,Downtown,47.60939675,-122.34141017673986,N/A
Olympic Sculpture Park,Ongoing,Olympic Sculpture Park,Visual Arts & Galleries,Downtown,47.6162378,-122.35431328817567,N/A
Infinite Worlds of Science Fiction,Ongoing,MoPOP Museum of Pop Culture,Museums,Queen Anne / Seattle Center,47.621493099999995,-122.34822527405619,N/A
"Wild Blue Angel: Hendrix Abroad, 1966-70",Ongoing,MoPOP Museum of Pop Culture,Museums,Queen Anne / Seattle Center,47.621493099999995,-122.34822527405619,N/A
John Grade: Middle Fork,Ongoing,Seattle Art Museum,Museums,Downtown,47.6077008,-122.3385575,N/A
Scared to Death: The Thrill of Horror Film,Ongoing,MoPOP Museum of Pop Culture,Museums,Queen Anne / Seattle Center,47.621493099999995,-122.34822527405619,N/A
Nirvana: Taking Punk To the Masses,Ongoing,MoPOP Museum of Pop Culture,Museums,Queen Anne / Seattle Center,47.621493099999995,-122.34822527405619,N/A
Vietnam Divided: War Above Southeast Asia,Ongoing,The Museum of Flight,Museums,South Seattle,32.70030575,-94.94716355,N/A
Science Fiction and Fantasy Hall of Fame,Ongoing,MoPOP Museum of Pop Culture,Museums,Queen Anne / Seattle Center,47.621493099999995,-122.34822527405619,N/A
Cambodian Cultural Museum and Killing Fields Memorial,Ongoing,Wing Luke Museum,Museums,International District,47.5982461,-122.3228705,N/A
Honoring Our Journey,Ongoing,Wing Luke Museum,Museums,International District,47.5982461,-122.3228705,N/A
Spotlight on Dale Chihuly: Works from Museum of Glass Permanent Collection,Ongoing,Museum of Glass,Museums,South,47.24582405,-122.43381971536058,N/A
Great Hall of Washington History,Ongoing,Washington State History Museum,Museums,South,47.2447212,-122.43608807502436,N/A
Humboldt Penguin Exhibit,Ongoing,Woodland Park Zoo,Museums,Wallingford / Greenlake,47.669143399999996,-122.35096188536495,N/A
Giant Pacific Octopus,Ongoing,Seattle Aquarium,Museums,Downtown,47.60762475,-122.34322017076866,N/A
Meet our Marine Mammals,Ongoing,Seattle Aquarium,Museums,Downtown,47.60762475,-122.34322017076866,N/A
Window on Washington Waters,Ongoing,Seattle Aquarium,Museums,Downtown,47.60762475,-122.34322017076866,N/A
Guitar Gallery,Ongoing,MoPOP Museum of Pop Culture,Museums,Queen Anne / Seattle Center,47.621493099999995,-122.34822527405619,N/A
Nordic Journeys,Ongoing,National Nordic Museum,Museums,Fremont / Ballard,47.6683615,-122.39177949359151,N/A
Baird’s beaked whale,Ongoing,Burke Museum,Museums,University District,47.6605211,-122.31156049949824,N/A
Amazing Life,Ongoing,Burke Museum,Museums,University District,47.6605211,-122.31156049949824,N/A
Culture is Living,Ongoing,Burke Museum,Museums,University District,47.6605211,-122.31156049949824,N/A
Fossils Uncovered,Ongoing,Burke Museum,Museums,University District,47.6605211,-122.31156049949824,N/A
Northwest Native Art,Ongoing,Burke Museum,Museums,University District,47.6605211,-122.31156049949824,N/A
Our Material World,Ongoing,Burke Museum,Museums,University District,47.6605211,-122.31156049949824,N/A
Apollo,Ongoing,The Museum of Flight,Museums,South Seattle,32.70030575,-94.94716355,N/A
Art and Life Along the Northwest Coast,Ongoing,Seattle Art Museum,Museums,Downtown,47.6077008,-122.3385575,N/A
Washington: My Home,Ongoing,Washington State History Museum,Museums,South,47.2447212,-122.43608807502436,N/A
Sensory-Friendly Programs,Ongoing,MoPOP Museum of Pop Culture,Festivals & Special Events,Queen Anne / Seattle Center,47.621493099999995,-122.34822527405619,N/A
Dale Chihuly at Tacoma Art Museum,Ongoing,Tacoma Art Museum,Museums,South,47.2475134,-122.43680521780016,N/A
Be/longing: Contemporary Asian Art,Ongoing,Seattle Asian Art Museum,Museums,Capitol Hill / Central District,47.63029565,-122.31413540328062,N/A
Porcelain Room,Ongoing,Seattle Art Museum,Museums,Downtown,47.6077008,-122.3385575,N/A
Life on the Edge,Ongoing,Seattle Aquarium,Museums,Downtown,47.60762475,-122.34322017076866,N/A
Tropical Pacific,Ongoing,Seattle Aquarium,Museums,Downtown,47.60762475,-122.34322017076866,N/A
Underwater Dome,Ongoing,Seattle Aquarium,Museums,Downtown,47.60762475,-122.34322017076866,N/A
Meet the Animals,Ongoing,Woodland Park Zoo,Museums,Wallingford / Greenlake,47.669143399999996,-122.35096188536495,N/A
Chihuly Garden and Glass,Ongoing,Chihuly Garden and Glass,Museums,Queen Anne / Seattle Center,47.6205296,-122.35020712496446,N/A
Discover Ancient Coast Salish Culture,Ongoing,Hibulb Cultural Center,Museums,North,48.05373125,-122.20152426611563,N/A
Savor Seattle Signature Tour: Pike Place Market,Ongoing,Pike Place Market,Tours & Attractions,Downtown,47.60939675,-122.34141017673986,N/A
Untold Stories: World War II at 75,Ongoing,The Museum of Flight,Museums,South Seattle,32.70030575,-94.94716355,N/A
Bezos Center for Innovation,Ongoing,Museum of History & Industry,Museums,Queen Anne / Seattle Center,47.6275114,-122.3367506,N/A
Maritime Seattle,Ongoing,Museum of History & Industry,Museums,Queen Anne / Seattle Center,47.6275114,-122.3367506,N/A
True Northwest: The Seattle Journey,Ongoing,Museum of History & Industry,Museums,Queen Anne / Seattle Center,47.6275114,-122.3367506,N/A
Metaphor into Form: Art in the Era of the Pilchuck Glass School,Ongoing,Tacoma Art Museum,Museums,South,47.2475134,-122.43680521780016,N/A
Winter in the West,Ongoing,Tacoma Art Museum,Museums,South,47.2475134,-122.43680521780016,N/A
Ballard Farmers Market – Sunday,Ongoing,Ballard Farmers Market,Festivals & Special Events,Fremont / Ballard,,,N/A
Capitol Hill Farmers Market – Sunday,Ongoing,Capitol Hill Farmers Market,Festivals & Special Events,Capitol Hill / Central District,47.618892450000004,-122.32016705491071,N/A
University District Farmers Market,Ongoing,University District Farmers Market,Festivals & Special Events,University District,47.665682950000004,-122.3130697496926,N/A
Fremont Sunday Market,Ongoing,Fremont Farmers Market,Festivals & Special Events,Fremont / Ballard,47.6637543,-122.3330234,N/A
Chihuly Garden and Glass Gallery Talks & Tours,Ongoing,Chihuly Garden and Glass,Tours & Attractions,Queen Anne / Seattle Center,47.6205296,-122.35020712496446,N/A
Boundless: Stories of Asian Art,Ongoing,Seattle Asian Art Museum,Museums,Capitol Hill / Central District,47.63029565,-122.31413540328062,N/A
Kenzan Tsutakawa-Chinn: Gather,Ongoing,Seattle Asian Art Museum,Museums,Capitol Hill / Central District,47.63029565,-122.31413540328062,N/A
Art Walk Edmonds | Every Third Thursday,Ongoing,Cascadia Art Museum,Visual Arts & Galleries,North,47.8104565,-122.3839448,N/A
Rise Up: Stonewall and the LGBTQ Rights Movement,Ongoing,MoPOP Museum of Pop Culture,Museums,Queen Anne / Seattle Center,47.621493099999995,-122.34822527405619,N/A
Show Me Seattle Tours,Ongoing,"Seattle, WA",Tours & Attractions,Downtown,47.6038321,-122.330062,N/A
LeMay – America’s Car Museum,Ongoing,LeMay - America's Car Museum,Museums,South,47.2362108,-122.43044382406997,N/A
History Link Tours,Ongoing,"Seattle, WA",Tours & Attractions,Downtown,47.6038321,-122.330062,N/A
West Seattle Farmers Market – Sundays,Ongoing,West Seattle Farmers Market,Festivals & Special Events,West Seattle,47.5620654,-122.3869194,N/A
REMEMBRANCE: The Legacy of Executive Order 9066 in Washington State,Ongoing,Washington State History Museum,Museums,South,47.2447212,-122.43608807502436,N/A
Pioneer Square First Thursday Art Walk,Ongoing,Pioneer Square,Visual Arts & Galleries,Pioneer Square,45.5189007,-122.67929660431365,N/A
Deities and Demons: Supernatural in Japanese Art,Ongoing,Seattle Art Museum,Museums,Downtown,47.6077008,-122.3385575,N/A
American Art: The Stories We Carry,Ongoing,Seattle Art Museum,Museums,Downtown,47.6077008,-122.3385575,N/A
Pacific Species,Ongoing,Seattle Art Museum,Museums,Downtown,47.6077008,-122.3385575,N/A
Reverberations: Contemporary Art and Modern Classics,Ongoing,Seattle Art Museum,Museums,Downtown,47.6077008,-122.3385575,N/A
75 Years of Porsche,Ongoing,LeMay - America's Car Museum,Museums,South,47.2362108,-122.43044382406997,N/A
Manazma Sheen,Ongoing,Sea Monster Lounge,Music,Wallingford / Greenlake,47.6615049,-122.332319,N/A
